{
    "Obama": [
        2004,
        0.023412229388793886
    ],
    "Jesus": [
        901,
        0.007296228669802719
    ],
    "Twitter": [
        749,
        0.29032642100061523
    ],
    "Bush": [
        537,
        0.006287763263710327
    ],
    "John": [
        488,
        0.004454313313756326
    ],
    "Paul": [
        376,
        0.04871412182244145
    ],
    "Johnson": [
        373,
        0.004281904832357832
    ],
    "Chris": [
        371,
        0.004510858789387407
    ],
    "Brown": [
        330,
        0.004351608071700795
    ],
    "Romney": [
        329,
        0.029511561614267406
    ],
    "Jones": [
        328,
        0.007642999732006588
    ],
    "James": [
        323,
        0.020864495096201016
    ],
    "David": [
        284,
        0.011375306245564473
    ],
    "Smith": [
        268,
        0.004250155880784344
    ],
    "Williams": [
        262,
        0.022507405827317743
    ],
    "Ryan": [
        258,
        0.0042606043879346
    ],
    "Peter": [
        256,
        0.0043062080664566255
    ],
    "Jackson": [
        256,
        0.17825515306152298
    ],
    "Jack": [
        250,
        0.04845458009850963
    ],
    "Miller": [
        243,
        0.00494290922275108
    ],
    "Adam": [
        241,
        0.004258203141451535
    ],
    "Bill": [
        231,
        0.053803362098685664
    ],
    "Michael": [
        227,
        0.012849472582369171
    ],
    "Clinton": [
        227,
        0.01331318133511513
    ],
    "Mary": [
        227,
        0.11754909792391258
    ],
    "Maria": [
        210,
        0.01937399281163061
    ],
    "Harry": [
        208,
        0.004628117337158504
    ],
    "Mike": [
        202,
        0.00423894953829327
    ],
    "Matt": [
        202,
        0.004957173024932062
    ],
    "Lee": [
        198,
        0.010824314127958298
    ],
    "William": [
        193,
        0.004288271650699544
    ],
    "Java": [
        190,
        0.004261814062825228
    ],
    "Davis": [
        187,
        0.1596321031703754
    ],
    "Garcia": [
        183,
        0.06775688387438417
    ],
    "Jeff": [
        180,
        0.11396993050097472
    ],
    "Sam": [
        177,
        0.010326237219906512
    ],
    "Frank": [
        177,
        0.02469647852194685
    ],
    "Joe": [
        176,
        0.0043301098292858236
    ],
    "Mark": [
        175,
        0.0042292971105778975
    ],
    "Jim": [
        171,
        0.005175463762539429
    ],
    "Oscar": [
        169,
        0.015395906594182135
    ],
    "Taylor": [
        168,
        0.008299401085481533
    ],
    "Tom": [
        161,
        0.1050606956030633
    ],
    "Cook": [
        157,
        0.3675080511410696
    ],
    "Thomas": [
        157,
        0.005345952322890479
    ],
    "Anderson": [
        151,
        0.034681799975046536
    ],
    "Ben": [
        150,
        0.19411140818232506
    ],
    "Buddha": [
        146,
        0.014187969637976014
    ],
    "Jon": [
        144,
        0.004547049776479825
    ],
    "Anna": [
        140,
        0.004310158334561597
    ]
}
